id,status_id,status_message,link_name,status_type,status_link,status_published,num_reactions,num_comments,num_shares,num_likes,num_loves,num_wows,num_hahas,num_sads,num_angrys
1,5281959998_10150852051549999,But a victory by Donald J. Trump remains quite possible.,Hillary Clinton Has a 76 Percent Chance to Win the Presidency,link,http://nyti.ms/2a96Lya,2016-07-19 18:55:00,514,68,86,443,40,4,16,5,6
2,5281959998_10150851976909999,"A man filmed himself inside the Quicken Loans Arena in Cleveland.

Photo: Sam Hodgson for The New York Times (instagram.com/samuelhodgson)",Timeline Photos,photo,https://www.facebook.com/nytimes/photos/a.283559809998.33779.5281959998/10150851976909999/?type=3,2016-07-19 18:40:00,84,11,9,77,2,1,4,0,0
3,5281959998_10150852058254999,Breaking News: Donald J. Trump has been formally nominated as the GOP presidential candidate. He is expected to accept on Thursday night.,Republican Convention: Trump Formally Nominated,link,http://nyti.ms/2a5XabG,2016-07-19 18:20:30,768,217,259,373,47,9,91,172,76
4,5281959998_10150851878934999,"""She was our Qandeel: a working-class woman, a Third World feminist, a disrupter and a firebrand who dared to do as she pleased, despite threats to her life.""","In Death, Qandeel Baloch, Pakistani Social Media Star, Is Celebrated as a Feminist Hero",link,http://www.nytimes.com/2016/07/20/world/asia/qandeel-baloch-pakistan-murder-social-media.html?smid=fb-nytimes&smtyp=cur,2016-07-19 17:55:00,592,29,91,455,27,0,0,104,6
5,5281959998_10150851910219999,"At the Olympic Games in 1996, some homeless Atlantans were offered one-way bus tickets to any place in the U.S. where they said they had family members or could find a place to sleep.",The Dark History of the Olympics,link,http://nyti.ms/2a9IJQr,2016-07-19 17:40:01,132,14,41,94,1,3,1,22,11
6,5281959998_10150851814964999,Our photographers have an inside view of the GOP Convention in Cleveland. Here are some of their best pictures so far.,Photographs From the Republican Convention,link,http://www.nytimes.com/interactive/2016/07/18/us/politics/18-GOP-convention-photos.html?smid=fb-nytimes&smtyp=cur,2016-07-19 17:25:00,61,25,5,49,1,1,7,0,3
7,5281959998_10150851528884999,"A repopulation of cougars could reduce the number of lives lost to deer-automobile collisions, some scientists say.","Too Many Deer on the Road? Let Cougars Return, Study Says",link,http://nyti.ms/29QLGCW,2016-07-19 16:55:00,927,100,249,857,50,9,10,1,0
8,5281959998_10150851978989999,Continuing our conversation with Jorge Ramos.,,video,https://www.facebook.com/nytimes/videos/10150851978989999/,2016-07-19 16:21:31,562,180,92,471,68,4,4,1,14
9,5281959998_10150851977724999,Breaking News: The Fox News co-founder Roger Ailes is said to be in talks to leave the network after he was sued for sexual harassment.,Roger Ailes and 21st Century Fox Said to Be Negotiating His Departure,link,http://nyti.ms/2a8SLEN,2016-07-19 16:18:55,587,131,147,461,22,8,89,1,6
10,5281959998_10150851965074999,"Donald Trump has kicked Jorge Ramos out of a press conference, but also sent him a letter asking for donations. NYT's Nick Corasaniti talks with the Univision correspondent about covering the campaign and convention for a Latino audience.",,video,https://www.facebook.com/nytimes/videos/10150851965074999/,2016-07-19 16:03:16,2349,873,429,1629,220,114,246,24,116
11,5281959998_10150851805914999,"Donald J. Trump's ""populism has come wrapped in racial appeals: 'Mexican rapists,' 'my African-American,' the Muslim ban ... That makes it hard to know whether the populism or the racism has played a bigger role in Trump's nomination victory."" Read on in The New York Times Opinion Section.",Populism Without Racism,link,http://www.nytimes.com/interactive/2016/07/19/opinion/campaign-stops/Republican-Convention-Day-2-Campaign-Stops.html?smid=fb-nytimes&smtyp=cur,2016-07-19 15:55:00,223,79,37,185,2,7,4,5,20
12,5281959998_10150851716349999,Make the most of summer tomatoes. (via The New York Times Food),Provençal Tomato and Squash Gratin Recipe,link,http://cooking.nytimes.com/recipes/12681-provencal-tomato-and-squash-gratin?smid=fb-nytimes&smtyp=cur,2016-07-19 15:25:00,342,16,137,328,11,3,0,0,0
13,5281959998_10150851891504999,"""The weirder the better for me,"" says Sia.","For Sia, Dance Is Where the Human and the Weird Intersect",link,http://www.nytimes.com/2016/07/24/arts/dance/for-sia-dance-is-where-the-human-and-the-weird-intersect.html?smid=fb-nytimes&smtyp=cur,2016-07-19 15:10:01,191,16,20,169,22,0,0,0,0
14,5281959998_10150851933829999,"How do young companies manage to succeed amid the bureaucracy of large cities, and what can bureaucrats do to help startups thrive? Neil Blumenthal of Warby Parker, David Kramer of the Hudson Companies and Miguel McKelvey of WeWork discuss entrepreneurship. Have questions? Please leave them in the comments.",New York Today,video,https://www.facebook.com/NewYorkTodayNYT/videos/1799658766930458/,2016-07-19 15:06:10,244,14,0,235,5,0,0,0,4
15,5281959998_10150851866854999,"Gavin Long, who killed 3 police officers in Baton Rouge, said in online posts that he was a victim of a vast government conspiracy that watches and harasses everyday Americans.",The Baton Rouge Gunman and 'Targeted Individuals',link,http://www.nytimes.com/2016/07/20/us/gavin-long-baton-rouge-targeted-individuals.html?smid=fb-nytimes&smtyp=cur,2016-07-19 14:55:00,75,57,15,55,1,10,1,5,3
16,5281959998_10150851788764999,"""When I get pulled over, I get scared. I turn my ignition off, and I put my hands out the window."" — Detective Derick Waller, a 21-year veteran of the New York Police Department who is black",Black Police Officers Feel the Inner Tug of a Dual Role,link,http://www.nytimes.com/2016/07/19/nyregion/black-police-officers-feel-the-inner-tug-of-a-dual-role.html?smid=fb-nytimes&smtyp=cur,2016-07-19 14:40:00,1028,73,277,614,7,21,1,339,46
17,5281959998_10150851910449999,"We ask you all to write a letter. It begins, ""Dear President Trump…"" Fill in your hopes and fears about his possible presidency in the comments and watch as people in New York's Bryant Park contribute their thoughts.",,video,https://www.facebook.com/nytimes/videos/10150851910449999/,2016-07-19 14:34:07,1541,2543,251,955,62,30,136,45,313
18,5281959998_10150851886399999,Donald J. Trump and his campaign responded to the discovery that Melania Trump's speech at the Republican National Convention contained lines that were strikingly similar to Michelle Obama's 2008 convention speech.,All the Different Things the Trump Campaign Said About Melania Trump's Speech,link,http://www.nytimes.com/2016/07/20/us/politics/melania-trump-campaign.html?smid=fb-nytimes&smtyp=cur,2016-07-19 14:20:00,1168,509,177,627,9,26,420,7,79
19,5281959998_10150851870064999,"As Donald J. Trump strode into the Republican National Convention to the tune of Queen's ""We Are the Champions,"" he was bathed from behind by celestial light. It was not restrained. It was not subtle.",G.O.P. Convention Begins With Trump Written All Over It,link,http://www.nytimes.com/2016/07/20/arts/television/gop-convention-trump-rally.html?smid=fb-nytimes&smtyp=cur,2016-07-19 13:53:58,213,132,36,113,6,7,52,3,32
20,5281959998_10150851766454999,Junk food: cheap and plentiful. (via The New York Times - Well - Health),How the Government Supports Your Junk Food Habit,link,http://well.blogs.nytimes.com/2016/07/19/how-the-government-supports-your-junk-food-habit/?smid=fb-nytimes&smtyp=cur,2016-07-19 13:25:00,238,30,101,178,0,4,0,21,35
21,5281959998_10150851826934999,Who was the Baton Rouge shooting suspect who killed 3 officers? Police have released new details about Gavin Long and images from moments before the shooting.,Who Was the Baton Rouge Shooter?,video,https://www.facebook.com/nytimes/videos/10150851826934999/,2016-07-19 12:55:03,154,42,50,111,0,1,0,26,16
22,5281959998_10150851836309999,"The new episodes of ""Making A Murderer"" on Netflix will revisit the cases of Steven Avery and Brendan Dassey.",'Making a Murderer' Returning With New Episodes,link,http://www.nytimes.com/2016/07/20/arts/television/making-a-murderer-returning-with-new-episodes.html?smid=fb-nytimes&smtyp=cur,2016-07-19 12:38:06,4150,1833,1189,3814,163,164,1,3,5
23,5281959998_10150851811849999,"Leslie Jones said that she would leave Twitter after becoming the target of online trolls who sent her a stream of pornography, racist speech and hateful memes.","Leslie Jones, Star of 'Ghostbusters,' Becomes a Target of Online Trolls",link,http://www.nytimes.com/2016/07/20/movies/leslie-jones-star-of-ghostbusters-becomes-a-target-of-online-trolls.html?smid=fb-nytimes&smtyp=cur,2016-07-19 12:25:01,2019,338,276,420,13,26,9,660,892
24,5281959998_10150851777104999,Hillary Clinton's chance of losing is about the same probability that an NBA player will miss a free throw. (via The Upshot),Who Will Be President?,link,http://www.nytimes.com/interactive/2016/upshot/presidential-polls-forecast.html?smid=fb-nytimes&smtyp=cur,2016-07-19 11:59:00,8637,1069,1162,7344,758,49,418,19,50
25,5281959998_10150851728354999,"The dress debate may have been overshadowed by the speech controversy, but Melania Trump's choice of convention garb was still an interesting one. NYT fashion critic Vanessa Friedman explains why.","Melania Trump's Speech May Not Have Been Original, but Her Dress Was",link,http://www.nytimes.com/2016/07/20/fashion/melania-trumps-speech-may-not-have-been-original-but-her-dress-was.html?smid=fb-nytimes&smtyp=cur,2016-07-19 11:37:00,1848,1085,321,1123,38,20,363,9,295
26,5281959998_10150851771849999,"Let's talk about Donald J. Trump and the GOP convention. Ralph Reed, chairman of Faith and Freedom Coalition, spoke with our columnist Frank Bruni. And, later, Rep. Kevin Brady of Texas chatted with NYT reporter Carl Hulse.",,video,https://www.facebook.com/nytimes/videos/10150851771849999/,2016-07-19 11:18:05,890,864,126,650,38,17,33,21,131
27,5281959998_10150851775249999,Just what is the deal with Florida? (via The New York Times Books),What Makes Florida So Weird? A Native Tries to Explain.,link,http://www.nytimes.com/2016/07/24/books/review/oh-florida-craig-pittman.html?smid=fb-nytimes&smtyp=cur,2016-07-19 11:17:31,221,60,93,199,2,1,19,0,0
28,5281959998_10150850985729999,"Nintendo took an early lead in mobile gaming nearly 2 decades ago,  and then proceeded to blow it.","With Pokémon Go, Nintendo Seeks to Salvage Lost Opportunity",link,http://nyti.ms/2aauQnW,2016-07-19 10:55:00,98,9,14,92,2,2,0,2,0
29,5281959998_10150851744229999,"Not only did the study find no increased risk of breast cancer among women receiving IVF, but also no greater risk among those who underwent various types of less intensive treatments to improve fertility.","I.V.F. Does Not Raise Breast Cancer Risk, Study Shows",link,http://www.nytimes.com/2016/07/20/health/ivf-breast-cancer-risk.html?smid=fb-nytimes&smtyp=cur,2016-07-19 10:40:00,136,12,25,136,0,0,0,0,0
30,5281959998_10150851725839999,"""We hope that this sends a global message that the barbarity touches the whole world and that the people here, the victims, are not those who commit the crimes in Syria and Iraq,"" said a spokeswoman for the Union of Muslims of the Alpes-Maritimes.","A Third of Nice Truck Attack's Dead Were Muslim, Group Says",link,http://www.nytimes.com/2016/07/20/world/europe/nice-truck-attack-victims-muslims.html?smid=fb-nytimes&smtyp=cur,2016-07-19 10:25:00,1351,112,411,749,4,15,4,549,30
31,5281959998_10150851731904999,Melania Trump's speech at the GOP Convention has stirred up a lot of questions. Times reporter Ashley Parker is here to discuss the similarities to First Lady Michelle Obama's speech from the 2008 Democratic National Convention #NYTElection,,video,https://www.facebook.com/nytimes/videos/10150851731904999/,2016-07-19 10:08:18,1941,1427,439,1183,69,72,397,19,201
32,5281959998_10150851731819999,The International Olympic Committee said it was exploring legal options to discipline Russian athletes ahead of the coming Rio 2016 Games.,Olympic Officials Consider Options for Sanctions Against Russian Athletes,link,http://www.nytimes.com/2016/07/20/sports/olympics/russia-rio-games-ban-doping.html?smid=fb-nytimes&smtyp=cur,2016-07-19 10:07:11,83,12,8,79,0,4,0,0,0
33,5281959998_10150851715619999,"""This week, you and me, we will witness history / As the R.N.C. crowns their orange manatee,"" sang Stephen Colbert.",Jon Stewart Returns on 'The Late Show With Stephen Colbert',link,http://www.nytimes.com/2016/07/19/arts/television/jon-stewart-late-show-stephen-colbert.html?smid=fb-nytimes&smtyp=cur,2016-07-19 09:55:00,4803,84,380,3887,434,2,477,1,2
34,5281959998_10150851572774999,"When Donald J. Trump is nominated, George W. Bush will be on his Texas ranch, painting and bike riding.",The Trump Convention: A Painful Moment for the Bush Family Network,link,http://nyti.ms/29R0em2,2016-07-19 09:25:00,513,119,48,420,4,4,80,2,3
35,5281959998_10150851661164999,The pilots were hauled from the cockpit shortly before takeoff.,Pilots on Air Transat Flight Are Arrested on Suspicion of Drunkenness,link,http://nyti.ms/29RkkfM,2016-07-19 08:55:00,134,30,30,113,3,8,3,0,7
36,5281959998_10150851678184999,What's to know about the Conventions? Watch this 15 minute primer on the day ahead at the GOP Convention featuring Times political reporter Nick Corasaniti Ask your questions in the comments please #NYTElection,,video,https://www.facebook.com/nytimes/videos/10150851678184999/,2016-07-19 08:35:56,1476,681,203,1255,61,23,53,12,72
37,5281959998_10150851559894999,Who would have guessed that free online communication would come to Erdogan's rescue? Read on in The New York Times Opinion Section.,How the Internet Saved Turkey's Internet-Hating President,link,http://nyti.ms/29QTTHa,2016-07-19 08:25:01,142,15,44,118,0,2,17,2,3
38,5281959998_10150851580349999,"""This is a unique moment in American political history in which the mental stability of one of the major party nominees is the dominating subject of conversation.""

 Read on in The New York Times Opinion Section.",Trump Is Getting Even Trumpier!,link,http://nyti.ms/29XbRvp,2016-07-19 07:55:00,2928,284,850,2290,12,173,352,54,47
39,5281959998_10150851640014999,The New York Times Opinion Section is talking about the start of the Republican convention in Cleveland.,The New York Times Opinion Section,video,https://www.facebook.com/nytopinion/videos/1361616280519991/,2016-07-19 07:35:55,266,32,0,251,2,4,9,0,0
40,5281959998_10150851620334999,Highlights from the first day of the GOP Convention in Cleveland.,Republican Convention Day 1: Highlights,video,https://www.facebook.com/nytimes/videos/10150851620334999/,2016-07-19 07:35:00,449,177,78,265,9,11,113,6,45
41,5281959998_10150851609939999,A 17-year-old migrant attacked passengers with an ax on a train in Germany. Investigators later found a hand-drawn flag of ISIS in his room.,ISIS Claims Responsibility for Ax Attack on German Train,link,http://nyti.ms/29QKOOF,2016-07-19 07:25:00,132,45,48,68,2,2,0,27,33
42,5281959998_10150851567164999,How Melania Trump's speech at the GOP Convention compares to what Michelle Obama said at the 2008 Democratic convention.,Comparing Melania Trump's Speech With Michelle Obama's,video,https://www.facebook.com/nytimes/videos/10150851567164999/,2016-07-19 06:55:00,8143,1645,3010,4486,43,700,2561,60,293
43,5281959998_10150851574019999,"""We were the only secular, decent country in a bad region. Now, we are like one of those Arab states,"" one man in Istanbul said.","In Istanbul, Optimism Fades to a Familiar Melancholy",link,http://nyti.ms/29R0fpU,2016-07-19 06:25:00,460,78,88,272,4,1,4,154,25
44,5281959998_10150851126079999,"Gavin Long filed a form last year to change his name to Cosmo Ausar Setepenra, a name freighted with ancient Egyptian references.","On Social Media, Baton Rouge Suspect Saw World 'Run by Devils'",link,http://nyti.ms/29IKHWo,2016-07-19 05:55:00,72,42,8,65,0,4,0,1,2
45,5281959998_10150851570649999,Daily Briefing: Here's what you need to know today.,"Republican Party, Baton Rouge, Russia's Olympians: Your Tuesday Briefing",link,http://nyti.ms/29QY8CA,2016-07-19 05:35:00,94,40,10,84,1,1,7,0,1
46,5281959998_10150851516244999,"""I think what Nixon understood is that when the world is falling apart, people want a strong leader whose highest priority is protecting America first,"" Donald J. Trump said recently.",It's Donald Trump's Convention. But the Inspiration? Nixon.,link,http://nyti.ms/29WRHSo,2016-07-19 04:55:00,573,109,107,407,7,18,84,32,25
47,5281959998_10150851551119999,"The message on the first day of the GOP Convention : Doom is near, and Donald J. Trump is in charge.",G.O.P. Convention Day 1 Takeaways,link,http://nyti.ms/29WZoaX,2016-07-19 04:25:00,413,105,57,256,4,15,83,21,34
48,5281959998_10150851525819999,"The French prime minister said that France ""must live with terrorism."" That is what Israelis have been doing for decades.",To France From Israel: Lessons on Living With Terror,link,http://nyti.ms/29QJLOM,2016-07-19 03:55:00,831,274,183,624,6,12,43,122,24
49,5281959998_10150851527499999,The authorities are now trying to determine whether the teenager had direct contact with ISIS operatives.,Drawing of ISIS Flag Found in Room of Ax Attacker in Germany,link,http://nyti.ms/29QKOOF,2016-07-19 03:28:00,189,47,45,113,0,5,1,28,42
50,5281959998_10150851038719999,Donald J. Trump picked a partner with deep ties to some of the Republican Party's most powerful donors.,"In Choosing Mike Pence, Donald Trump Moves Closer to Big Donors",link,http://nyti.ms/29PYvRe,2016-07-19 02:55:00,164,82,29,121,6,1,7,3,26
51,5281959998_10150851510299999,"Every day, some 169 million gallons of untreated human waste flows into Rio's Guanabara Bay. Read on in The New York Times Opinion Section.",What Makes Brazilians Sick,link,http://nyti.ms/29WPGWj,2016-07-19 02:26:18,306,31,132,197,1,39,2,35,32
52,5281959998_10150850789649999,President Erdogan has a choice between embracing the opposition that defended him or becoming even more authoritarian. Read on in The New York Times Opinion Section.,Is It Time to Celebrate Democracy in Turkey?,link,http://nyti.ms/29NCcID,2016-07-19 01:55:00,152,42,35,137,2,5,7,0,1
53,5281959998_10150851185979999,A former national park in New Zealand has been granted personhood.,"In New Zealand, Lands and Rivers Can Be People (Legally Speaking)",link,http://nyti.ms/29Q6Und,2016-07-19 00:55:00,599,35,231,513,61,21,4,0,0
54,5281959998_10150851435859999,"Donald J. Trump broke with tradition by appearing on the opening night, theatrically stepping out of a misty fog to introduce his wife, Melania Trump.",Rancor Reigns as Bitterly Divided Republicans Begin Their Convention,link,http://nyti.ms/2a4YKHN,2016-07-19 00:25:00,483,197,36,264,8,5,174,4,28
55,5281959998_10150851445429999,Parts of Melania Trump's convention speech were strikingly similar to Michelle Obama's address to the Democratic convention in 2008.,Melania Trump's Speech Bears Striking Similarities to Michelle Obama's 2008 Address,link,http://nyti.ms/2a530XG,2016-07-18 23:45:59,16643,2193,4010,10011,77,1751,4168,101,535
56,5281959998_10150851421194999,"Troubles began for Zahra, a promising schoolgirl, when she was bartered away at age 11 and later married off. She was 14 and 4 months pregnant when she died, her father said.",Families Blame Each Other After Afghan Child Bride Burns to Death,link,http://nyti.ms/2a4X9Sv,2016-07-18 23:25:00,2588,212,448,497,2,12,3,988,1086
57,5281959998_10150851391839999,"""Tailored to Donald J. Trump's impulsive bluster, this document lays bare just how much the GOP is driven by a regressive, extremist inner core,"" the Editorial Board writes in The New York Times Opinion Section.",The Most Extreme Republican Platform in Memory,link,http://nyti.ms/2a6ppqz,2016-07-18 22:55:00,1216,97,457,864,5,24,25,109,189
58,5281959998_10150851400719999,"""I'd ask you to go back through history and figure out where are these contributions that have been made by these other categories of people that you are talking about? Where did any other subgroup of people contribute more to civilization?"" — Congressman Steve King","What, Congressman Steve King Asks, Have Nonwhites Done for Civilization?",link,http://nyti.ms/2a4SS1o,2016-07-18 22:25:00,10821,2396,8535,2646,25,2049,274,256,5571
59,5281959998_10150851352139999,Ever wonder how much exercise is needed to work off each meal?,An App to Deconstruct Your Food,link,http://nyti.ms/2a4IOFi,2016-07-18 21:56:13,506,66,143,480,7,6,0,1,12
60,5281959998_10150851340929999,"Slovenian-Americans in Cleveland talked about the possibility of Melania Trump, a native of what is now Slovenia, becoming first lady.",,video,https://www.facebook.com/nytimes/videos/10150851340929999/,2016-07-18 21:25:33,477,93,115,411,13,11,35,1,6
61,5281959998_10150851361269999,The Republican Party adopted perhaps its most socially conservative platform ever.,"Republican Platform Defends 'Traditional' Marriage, a Border Wall and Coal",link,http://nyti.ms/2a4KU8r,2016-07-18 20:55:16,2286,471,654,707,17,104,342,124,992
62,5281959998_10150851340059999,Missed tonight's Republican convention speeches? Here are the highlights and fact checks.,Republican Convention Speeches: What You've Missed So Far and Our Fact Checks,link,http://nyti.ms/2a6eWLW,2016-07-18 20:25:00,443,278,80,330,9,6,68,7,23
63,5281959998_10150851329599999,"A 17-year-old Afghan youth who came to Germany as a migrant attacked passengers with an ax and a knife on a train, injuring at least 4 people.",German Police Kill Assailant After Ax Attack Aboard a Train,link,http://nyti.ms/2a6cuF5,2016-07-18 19:56:36,784,191,185,378,1,67,4,236,98
64,5281959998_10150851085784999,"""Minimalism is a virtue only when it's a choice, and it's telling that its fan base is clustered in the well-off middle class."" Read on in The New York Times Opinion Section.",The Class Politics of Decluttering,link,http://nyti.ms/29JPHcQ,2016-07-18 19:27:50,1499,86,374,1443,26,23,5,2,0
65,5281959998_10150851316799999,Rudy Giuliani and Melania Trump will speak tonight at the GOP convention. Watch live and join us for real-time analysis.,Republican Convention: Live Updates,link,http://nyti.ms/2a4ywoX,2016-07-18 19:14:17,188,124,15,138,8,1,30,0,11
66,5281959998_10150851221099999,Madagascar is governed by thousands of cultural taboos.,Visiting Madagascar? Leave Red Swimsuits (and Lemur Recipes) at Home,link,http://nyti.ms/29PzKaO,2016-07-18 18:55:00,92,18,32,84,1,5,1,1,0
67,5281959998_10150851294094999,"""The pre-emptive backlash was another of those reactionary anti-feminist boy-tantrums that have become a fixture of our culture and our politics lately,"" A.O. Scott writes about the ""Ghostbusters"" film.",So That's Who You Call: The Politics of the New 'Ghostbusters',link,http://nyti.ms/2a4vSPS,2016-07-18 18:42:44,1595,298,184,1417,101,5,57,2,13
68,5281959998_10150851261114999,"Donald J. Trump's de facto campaign manager, Paul Manafort, accused John Kasich of acting ""petulant"" for refusing to support Trump. ""He's embarrassing his party in Ohio,"" Manafort said.","Trump Campaign Denounces John Kasich in Ohio, Where Convention Begins",link,http://nyti.ms/2a4qM6g,2016-07-18 18:25:00,977,535,149,584,9,20,291,8,65
69,5281959998_10150851254019999,"The conventions may be infomercials, but they're infomercials that millions of people watch. (via The New York Times Opinion Section)",Donald Trump's Convention: Day 1,link,http://nyti.ms/2a5Yewd,2016-07-18 17:55:00,131,48,15,109,3,1,16,1,1
70,5281959998_10150851259449999,"What is television's role in defining the image of a city? Cynthia Nixon, star of ""Sex and the City"" discusses the issue. Moderated by Ginia Bellafante, the Times' Big City columnist.",New York Today,video,https://www.facebook.com/NewYorkTodayNYT/videos/1799222616974073/,2016-07-18 17:49:25,333,25,0,314,14,3,1,0,1
71,5281959998_10150851256509999,"The New York Times Opinion Section is at the Islamic Center of Cleveland, which is getting some attention while the Republican National Convention is in town. Anna North of the Times's editorial board is there speaking with officials from the Council on American-Islamic Relations.",The New York Times Opinion Section,video,https://www.facebook.com/nytopinion/videos/1361203307227955/,2016-07-18 17:44:31,498,56,0,462,23,7,0,0,6
72,5281959998_10150851240009999,"Donald J. Trump has only visited his wife's home country once. ""At least I can say that I went,"" Trump said. ""I went to Slovenia. The fact that I even went there was very much appreciated.""",Melania Trump: From Small-Town Slovenia to Doorstep of White House,link,http://nyti.ms/2a4lmbk,2016-07-18 17:25:10,1123,313,151,676,20,44,221,16,146
73,5281959998_10150851202894999,Our national political correspondent Jonathan Martin examines how protests have shaped the history of national political conventions ever since Chicago in 1968.,,video,https://www.facebook.com/nytimes/videos/10150851202894999/,2016-07-18 16:55:00,393,37,176,361,11,14,1,3,3
74,5281959998_10150850980109999,Blend your way to a sweet summery sauce for pasta. (via The New York Times Food),"To Get the Most Out of Corn Season, Reach for Your Blender",link,http://www.nytimes.com/2016/07/20/dining/creamy-pasta-recipe-corn.html?smid=fb-nytimes&smtyp=cur,2016-07-18 16:25:00,213,28,54,199,13,1,0,0,0
75,5281959998_10150851193509999,"The Republican convention turned into a scene of discord and  dissent when a faction of delegates opposing Donald J. Trump tried to stage a last-ditch revolt.

The latest updates: http://nyti.ms/2a5XabG

Photo: Eric Thayer for the New York Times",Timeline Photos,photo,https://www.facebook.com/nytimes/photos/a.283559809998.33779.5281959998/10150851193509999/?type=3,2016-07-18 15:55:03,1146,164,17,841,46,11,236,4,8
76,5281959998_10150850054989999,"Curators at the New Museum have created an exhibit, opening on July 20, with over 4,000 objects that examines the various ways we collect and own items. 

Do you have an unusual collection? Please tell us about it in the comments. Your response may be featured in an upcoming story.",Object Lessons: The New Museum Explores Why We Keep Things,link,http://nyti.ms/2a0fqD5,2016-07-18 15:40:00,502,68,201,492,8,2,0,0,0
77,5281959998_10150851176554999,"At the GOP Convention, delegates are calling for a roll call vote, causing uproar on the floor. What does this mean? Times reporter Carl Hulse explains and takes your questions.",,video,https://www.facebook.com/nytimes/videos/10150851176554999/,2016-07-18 15:27:22,628,243,97,475,31,30,76,2,14
78,5281959998_10150851096394999,China's farmers say they have found the next health-food craze: meat raised on a diet of ancient Chinese medicine.,"Never Mind Grass-Fed, How About Elixir-Fed Meats?",link,http://nyti.ms/29Pdmye,2016-07-18 15:25:00,83,18,21,62,2,2,13,2,2
79,5281959998_10150851164599999,One officer had just marked his 10th anniversary on the Baton Rouge police force. Another was a military veteran. A third left behind 4 children.,The 3 Officers Killed in Baton Rouge,link,http://nyti.ms/29VFdue,2016-07-18 15:03:26,344,28,15,130,1,1,0,186,26
80,5281959998_10150851120729999,Tensions flared during a moment of silence for the victims of the Nice attack.,"French leaders held a moment of silence in Nice, France, on Mo...",video,https://www.facebook.com/nytimes/videos/10150851120729999/,2016-07-18 14:40:00,838,36,116,577,15,0,1,240,5
81,5281959998_10150851101399999,"If Donald J. Trump's ghostwriter could do it over again, he said ""The Art of the Deal"" would be titled ""The Sociopath.""","'I Feel a Deep Sense of Remorse,' Donald Trump's Ghostwriter Says",link,http://nyti.ms/2a3NOdy,2016-07-18 14:25:00,17293,626,5075,14481,187,950,1401,146,128
82,5281959998_10150851090294999,"A delegates, protesters and security personnel converge this
week in Cleveland for the GOP Convention, our photographers are there.

More photos: http://nyti.ms/29Pf2BC

Clockwise from top: Damon Winter/NYT; Sam Hodgson for NYT; Eric Thayer for NYT; Hilary Swift for NYT",Photos from The New York Times's post,photo,https://www.facebook.com/nytimes/photos/a.283559809998.33779.5281959998/10150851088829999/?type=3,2016-07-18 14:10:00,32,16,2,30,0,1,1,0,0
83,5281959998_10150851115304999,"On the one hand, he was hardly a devout Muslim: He ate pork, drank alcohol and led ""an unbridled sexual life."" On the other, he searched for information on chapters of the Quran.","Attacker in Nice, France, Looked for Articles on Orlando and Dallas Attacks",link,http://nyti.ms/2ao1nDs,2016-07-18 13:55:00,223,78,23,169,1,4,3,17,29
84,5281959998_10150851061259999,"""I've almost been hit by a bus, a truck and a Prius for trying to catch a Spearow,"" one Pokémon Go addict said.",The Week Pokémon Go Took Central Park,video,https://www.facebook.com/nytimes/videos/10150851061259999/,2016-07-18 13:40:00,1191,340,326,917,18,34,173,38,11
85,5281959998_10150851099394999,We're live at a protest near the GOP Convention in Cleveland with Yamiche Alcindor.,,video,https://www.facebook.com/nytimes/videos/10150851099394999/,2016-07-18 13:27:00,2965,2000,380,2361,354,75,31,27,117
86,5281959998_10150851062439999,Don't even think about turning on the oven.,Recipes for 90+ Degree Days,link,http://nyti.ms/29Iz0PO,2016-07-18 13:25:00,200,14,95,194,6,0,0,0,0
87,5281959998_10150851031569999,"""There's this myth in our society that gay people are rich, but it's not the truth. We have this huge swath of people who make less than their straight counterparts, and most people, even in our own community, do not know that.""",A Hunger Crisis in the L.G.B.T. Community,link,http://nyti.ms/29OQfhe,2016-07-18 12:55:01,421,53,121,266,1,5,2,132,15
88,5281959998_10150851012754999,Turkey's Western allies are concerned that President Recep Tayyip Erdoğan is abandoning the rule of law and using the coup attempt as a pretext to cleanse the country's institutions of his enemies.,Turkey Widens Purge as Crackdown Continues,link,http://nyti.ms/29PTAzw,2016-07-18 12:25:00,475,141,249,342,1,23,4,58,47
89,5281959998_10150851005874999,"6 officers were charged in Freddie Gray's death. After 4 trials, prosecutors have failed to win a single conviction.",Another Baltimore Police Officer Acquitted in Freddie Gray Case,link,http://nyti.ms/29OUwDc,2016-07-18 11:55:00,916,392,506,448,52,15,22,94,285
90,5281959998_10150850972074999,"""This is not what I'd call A-list,"" said one delegate on the Republican convention lineup.","Scrambling, Planners of the Republican Convention Put 'Showbiz' Off to the Wings",link,http://nyti.ms/29GNHpT,2016-07-18 11:25:00,1536,284,174,914,12,24,571,11,4
91,5281959998_10150851023789999,"Get your lunchtime political questions ready: We're at the Republican National Convention with U.S. Senator Susan Collins, NYT reporter Carl Hulse and politics editor Carolyn Ryan. They're talking about the Republican Party and taking your questions. #NYTElection",,video,https://www.facebook.com/nytimes/videos/10150851023789999/,2016-07-18 11:15:03,751,501,81,679,34,11,21,0,6
92,5281959998_10150850872074999,The Murdoch brothers have largely left Fox News alone. Now they have little choice but to step in.,Murdoch Brothers' Challenge: What Happens Next at Fox News?,link,http://nyti.ms/29UxEnu,2016-07-18 10:55:00,182,27,29,167,1,7,5,1,1
93,5281959998_10150850942244999,365 days of the presidential campaigns in 3 minutes,Campaign 2016: A Year in 3 Minutes,video,https://www.facebook.com/nytimes/videos/10150850942244999/,2016-07-18 10:35:00,895,93,261,823,10,17,25,11,9
94,5281959998_10150850823039999,It's a myth that refuses to go away.,Cold Does Not Increase Odds of Catching Cold,link,http://nyti.ms/29UerCa,2016-07-18 10:10:00,3688,450,1534,3528,81,14,62,1,2
95,5281959998_10150850956509999,"Breaking News: An ex-Marine who killed 3 Baton Rouge officers ""ambushed"" them, a police official said. ""He was targeting those officers.""","Baton Rouge Gunman 'Was Targeting Officers,' Police Say",link,http://nyti.ms/29Oz0wv,2016-07-18 09:25:11,186,67,33,110,1,4,0,43,28
96,5281959998_10150850875389999,Donald J. Trump and Mike Pence hold very different views of the United States' role in the world.,"Donald Trump and Mike Pence: One Ticket, Two Worldviews",link,http://nyti.ms/29ObK1s,2016-07-18 09:25:00,165,102,28,108,1,5,37,1,13
97,5281959998_10150850846529999,Anne Frank is only part of the story.,The Dutch Tell Their Full Holocaust Story,link,http://nyti.ms/29UiyhP,2016-07-18 08:55:01,691,34,223,618,19,3,0,50,1
98,5281959998_10150850928414999,What's to know about the Conventions? Watch this 15 minute primer on the day ahead at the Republican National Convention featuring Times political reporter Jeremy Peters. Ask your questions in the comments please. #NYTElection,,video,https://www.facebook.com/nytimes/videos/10150850928414999/,2016-07-18 08:34:34,856,450,97,760,34,10,26,4,22
99,5281959998_10150850838744999,"""Once we saw that the Republican debates got an audience of 24 million people, who doesn't want a part of that?"" said Bill Maher.","Live, From Cleveland! Late-Night Comics Stake Their Turf at Conventions",link,http://nyti.ms/29O5F5W,2016-07-18 08:25:00,251,27,45,225,2,0,24,0,0
100,5281959998_10150850917589999,"Breaking News: A Russian whistle-blower's claims of state-run Olympics doping were confirmed by an investigation, just weeks before the Rio Games.",Report Confirms State-Sponsored Doping by Russia at Olympics,link,http://nyti.ms/29UJBcY,2016-07-18 08:12:31,308,45,57,241,4,33,15,4,11
101,5281959998_10150850890169999,Kim released part of the call between Kanye and Taylor. Swift reacted. And it continues.,"Team Kardashian-West, With Release of Taylor Swift Clips, Is Primed for Battle",link,http://nyti.ms/29OfsbC,2016-07-18 07:55:00,1782,1008,226,1423,40,15,205,12,87
102,5281959998_10150850894269999,"Catherine Saint Louis is at a group home in Connecticut talking to Michelle Mensel and Rebecca, her 26-year-old daughter, who hope the Drug Enforcement Administration reschedules marijuana in the coming days.",The New York Times - Science,video,https://www.facebook.com/nytimesscience/videos/1098284560251569/,2016-07-18 07:49:14,611,33,0,529,33,2,0,47,0
103,5281959998_10150850853514999,Many in the news media feel the need to set up a false equivalence between a candidate who lies repeatedly and his opponent. Read on in The New York Times Opinion Section.,Both Sides Now?,link,http://nyti.ms/29UmoaA,2016-07-18 07:25:00,818,70,210,736,33,5,2,6,36
104,5281959998_10150850853469999,"""With 83% of voters calling Trump obnoxious, he definitely has a chance to redefine himself at the convention.""",Convention Offers Donald Trump His Biggest Sales Opportunity,link,http://nyti.ms/29UkXt1,2016-07-18 06:55:00,261,251,38,152,3,1,74,2,29
105,5281959998_10150850795294999,"While Turkish citizens appear to have chosen democracy, the man they kept in power is working hard against a democratic society, the Editorial Board writes in The New York Times Opinion Section.",The Countercoup in Turkey,link,http://nyti.ms/29NF6gm,2016-07-18 06:25:00,816,123,240,661,3,5,5,92,50
106,5281959998_10150850811794999,The polls tell a very clear story about the divisions in the U.S.,Confused by Contradictory Polls? Take a Step Back,link,http://nyti.ms/29NM8lk,2016-07-18 05:55:00,400,103,72,385,10,0,1,1,3
107,5281959998_10150850850914999,Daily Briefing: Here's what you need to know today.,"Baton Rouge, Turkey, Cleveland: Your Monday Briefing",link,http://nyti.ms/29UlYRO,2016-07-18 05:31:00,187,19,13,163,0,0,1,23,0
108,5281959998_10150850827534999,"A faction of delegates tried to stage a last-ditch revolt against Donald J. Trump, causing a scene of momentary discord and boisterous dissent.",Republican Convention: Floor Fighting on Day 1,link,http://nyti.ms/29UehL6,2016-07-18 04:55:00,258,99,39,196,6,1,40,6,9
109,5281959998_10150850801764999,"The arrests that followed the coup attempt showed ""at least that something has been prepared,"" said the European commissioner for regional affairs.",E.U. Officials Urge Erdogan to Show Restraint After Coup Attempt in Turkey,link,http://nyti.ms/29U5Nnv,2016-07-18 04:25:00,198,41,37,182,1,6,0,6,3
110,5281959998_10150850571004999,"Truckers for Trump, Code Pink and an art installation featuring 100 nude women: just a few of the groups descending on Cleveland.",Who's Taking a Soapbox to Cleveland? Trump Backers and Critics (and Nude Women),link,http://nyti.ms/2a412Gw,2016-07-18 03:55:00,127,28,18,99,1,10,17,0,0
111,5281959998_10150850804139999,"Within hours of the Baton Rouge killings, Donald J. Trump said that the nation had become a ""divided crime scene.""","On Eve of G.O.P. Convention, Law and Order Takes the Floor",link,http://nyti.ms/29U7qBm,2016-07-18 03:33:00,107,87,14,80,1,3,2,11,10
112,5281959998_10150850796879999,"""The worst democracy is better than the best coup.""",Many Turks Prefer Even Flawed Democracy to Coup,link,http://nyti.ms/29NFWd1,2016-07-18 03:02:01,573,86,102,526,5,15,5,17,5
113,5281959998_10150849082089999,Just remember: Food expiration dates are generally guidelines rather than hard-and-fast rules,Ask Well: Guidelines for When Food Goes Bad,link,http://nyti.ms/2a4iRZ9,2016-07-18 01:55:00,311,56,150,297,9,2,2,1,0
114,5281959998_10150849072054999,"If the Hollywood studios really want to understand how to succeed in China, this actor's journey makes for a kind of accidental guide.",The American Who Accidentally Became a Chinese Movie Star,link,http://nyti.ms/2a4fXDw,2016-07-18 00:55:00,262,24,26,255,3,1,3,0,0
115,5281959998_10150850689929999,Muslims and non-Muslims in Nice have lived alongside each other in relative peace for generations. But that's all starting to change.,Attack in Nice Turns Spotlight on City's Religious Divisions,link,http://nyti.ms/29TCDVB,2016-07-18 00:25:00,275,62,40,192,5,0,2,73,3
116,5281959998_10150849887109999,"Omari Hardwick, on his character in ""Power"": ""The only reality that hit him in the face is that everyone is trying to kill him.""",Omari Hardwick on Taming His Drug Kingpin Persona on 'Power',link,http://nyti.ms/29LkM5A,2016-07-17 23:55:00,149,8,20,148,1,0,0,0,0
117,5281959998_10150849060844999,"Winona Ryder on her 2001 shoplifting scandal: ""Look,"" Ryder said, ""I think I'll forever be associated with that. Definitely."" But, she added, ""In the grand scheme of things it wasn't exactly the crime of the century.""","Winona Ryder, an Emblem of '90s Cool, Grows Up",link,http://nyti.ms/2a4cODR,2016-07-17 22:55:00,5411,328,493,4948,367,5,85,3,3
118,5281959998_10150850668884999,"Follow the NYT photographers who are covering the Republication National Convention on Instagram: #NYTRNC. 

Photo: Hilary Swift for The New York Times","Instagram photo by Hilary Swift • Jul 17, 2016 at 11:32pm UTC",link,https://www.instagram.com/p/BH-yx5SA1OB/?taken-by=hlswift,2016-07-17 22:40:00,108,21,8,97,1,0,9,0,1
119,5281959998_10150850681124999,"A police officer in Baton Rouge held flowers outside Our Lady of the Lake Regional Medical Center, which treated some of the shooting victims Sunday in Baton Rouge.

Photo: Bryan Tarnowski for The New York Times",Timeline Photos,photo,https://www.facebook.com/nytimes/photos/a.283559809998.33779.5281959998/10150850681124999/?type=3,2016-07-17 22:25:00,1434,44,47,1015,66,4,1,342,6
120,5281959998_10150850454239999,The U.S. is producing more research scientists than academia can handle.,"So Many Research Scientists, So Few Openings as Professors",link,http://nyti.ms/2a4KQI7,2016-07-17 21:55:00,2248,220,1064,1748,6,141,7,329,17
121,5281959998_10150850676989999,"Here's our recap of the second episode of ""The Night Of."" If you're watching, what did you think?","'The Night Of' Season 1, Episode 2: 'You're a Job to Him'",link,http://nyti.ms/2a4kEL3,2016-07-17 21:40:00,227,16,26,226,0,1,0,0,0
122,5281959998_10150850670824999,Law enforcement officials said it had been generations since the U.S. endured 2 separate episodes in which so many police officers were killed.,Baton Rouge Attack Deepens Anguish for Police: 'We've Seen Nothing Like This',link,http://nyti.ms/29NAetO,2016-07-17 21:25:00,656,128,63,296,1,6,3,313,37
123,5281959998_10150850420489999,"""Shots fired, officer down! Shots fired, officer down!""
""Got a city officer down. Shots fired.""
""Don't know where the subject's shooting from.""",Listen to Events in Baton Rouge as They Unfolded on Police Radios,link,http://www.nytimes.com/live/police-shooting-in-baton-rouge/dramatic-scanner-audio-describes-police-response/?smid=fb-nytimes&smtyp=cur,2016-07-17 20:55:00,203,37,24,137,2,3,0,45,16
124,5281959998_10150850641899999,"Gavin Long was a former Marine who had served from 2005 to 2010, and he had been deployed to Iraq in 2008.",Baton Rouge Gunman Had Career As a Marine,link,http://nyti.ms/29N4eDV,2016-07-17 20:15:00,570,152,191,332,7,54,1,156,20
125,5281959998_10150850224309999,"""When Donald J. Trump accepts the Republican nomination on Thursday in Cleveland, it will represent a stunning moment in American politics — the triumph of a raw populism, embodied by a shameless demagogue, over both the official establishment and the official ideology of a major political party."" 

Read on in The New York Times Opinion Section.",A Cure for Trumpism,link,http://nyti.ms/29Oc04i,2016-07-17 19:55:00,1131,212,195,791,4,15,13,166,142
126,5281959998_10150850543689999,"In 2014, a driver in France mowed down pedestrians while shouting Islamic slogans. It was not called an act of Islamic terrorism.

2 years later, a truck driver in Nice was swiftly called ""a terrorist probably linked to radical Islam one way or another.""","In the Age of ISIS, Who's a Terrorist, and Who's Simply Deranged?",link,http://nyti.ms/2a8JITQ,2016-07-17 19:25:00,1464,179,523,1304,3,39,2,101,15
127,5281959998_10150850434459999,"One Times reader's reaction to the violence in Baton Rouge.

Read more comments on nytimes.com: http://nyti.ms/2a3ImqF",Timeline Photos,photo,https://www.facebook.com/nytimes/photos/a.283559809998.33779.5281959998/10150850434459999/?type=3,2016-07-17 18:55:00,447,51,36,393,18,2,1,31,2
128,5281959998_10150850596629999,At least 3 police officers were killed and several others were wounded in Baton Rouge.,How the Shooting of Police Officers in Baton Rouge Unfolded,link,http://nyti.ms/2a42Gs3,2016-07-17 18:29:28,239,44,37,155,0,4,2,64,14
129,5281959998_10150850578964999,"""We need to temper our words and open our hearts — all of us,"" Barack Obama said.","Obama Condemns Baton Rouge Shooting and Calls, Again, for Unity",link,http://nyti.ms/2alwhwc,2016-07-17 17:55:30,3387,277,269,2922,197,6,8,241,13
130,5281959998_10150850565859999,The Baton Rouge gunman was a Marine who served in Iraq. The authorities identified him as Gavin Long.,Baton Rouge Shooting Leaves 3 Officers Dead and 3 Wounded,link,http://nyti.ms/2a3Et4Y,2016-07-17 17:29:38,738,113,180,355,3,15,1,288,76
131,5281959998_10150850562879999,"""This city MUST and WILL get better. I'm working in these streets so any protesters, officers, friends, family or whoever, if you see me and need a hug or want to say a prayer. I got you,"" Officer Montrell L. Jackson wrote on Facebook.",Slain Officer Had Written About Turmoil of Recent Days,link,http://www.nytimes.com/live/police-shooting-in-baton-rouge/i-got-you?smid=fb-nytimes&smtyp=cur,2016-07-17 17:26:06,18099,510,4354,7743,932,27,9,9310,78
132,5281959998_10150850523869999,"Flight of the Conchords changes with the times. ""We've come to like jazz music.""","Flight of the Conchords: Aimless, and That's O.K.",link,http://nyti.ms/2a3Rr2H,2016-07-17 16:55:00,2047,102,255,1919,94,1,33,0,0
133,5281959998_10150850529719999,"""If they have guns and tanks, we have faith,"" Turkey's president, Recep Tayyip Erdoğan, said after a failed coup attempt.","Erdogan Emerges Strong After Coup Attempt, but Turkey Awaits Next Steps",link,http://nyti.ms/2a8HTpO,2016-07-17 16:35:13,320,92,57,242,9,3,4,26,36
134,5281959998_10150850471204999,"""Buy land"" sounds like good advice. But over the long run, it hasn't been.",Why Land and Homes Actually Tend to Be Disappointing Investments,link,http://nyti.ms/2a3NBqh,2016-07-17 15:55:00,463,82,187,431,2,16,10,4,0
135,5281959998_10150850405769999,"""Ohio governors do not have the power to arbitrarily suspend federal and state constitutional rights,"" John Kasich said. The president of the Cleveland Police Patrolmen's Association said the governor should temporarily suspend ""open carry"" for the sake of security.",Kasich Will Not Restrict Guns at Republican Convention,link,http://www.nytimes.com/live/police-shooting-in-baton-rouge/kasich-will-not-restrict-guns-at-convention?smid=fb-nytimes&smtyp=cur,2016-07-17 14:55:00,2185,1230,1215,1258,67,91,428,58,283
136,5281959998_10150850416929999,"""Police officers who put their lives on the line for ours every day were doing their job when they were killed in a cowardly and reprehensible assault. These are attacks on public servants, on the rule of law, and on civilized society, and they have to stop."" — President Obama",Obama Says Attacks on Police 'Have to Stop',link,http://www.nytimes.com/live/police-shooting-in-baton-rouge/statement-from-the-white-house-2,2016-07-17 14:25:00,3993,308,548,3437,109,8,4,406,29
137,5281959998_10150850407104999,"At least 3 police officers were killed and several more were wounded in Baton Rouge, Louisiana, near where protests had been held since the police shooting of Alton Sterling on July 5.

Developing story: http://nyti.ms/2a3Et4Y",Officers Fatally Shot in Baton Rouge,video,https://www.facebook.com/nytimes/videos/10150850407104999/,2016-07-17 14:10:07,1567,310,1181,537,9,30,12,711,268
138,5281959998_10150850382759999,The shooting in Baton Rouge happened in a state that recently took a harder line to defend its police officers.,Louisiana Enacts Hate Crimes Law to Protect a New Group: Police,link,http://nyti.ms/2a3ABAS,2016-07-17 13:55:00,734,136,146,556,16,12,7,65,78
139,5281959998_10150850348809999,"As news broke that police officers had been killed in Baton Rouge, Steve Thacker, 57, stood in Cleveland's Public Square holding a semi-automatic AR-15. 

""I pose no threat to anyone,"" he said. ""I'm an American citizen.""",Carrying a Weapon in Cleveland as a Form of Protest,link,http://www.nytimes.com/live/police-shooting-in-baton-rouge/gun-visible-in-clevelands-public-square?smid=fb-nytimes&smtyp=cur,2016-07-17 13:25:00,1798,1174,677,736,26,86,65,149,736
140,5281959998_10150850363384999,"After 3 officers were killed, police told people nearby to remain indoors and contact law enforcement if they see anything suspicious.",Baton Rouge Police Shooting: What We Know,link,http://nyti.ms/2a8mIEu,2016-07-17 13:03:09,982,353,918,413,7,13,6,347,196
141,5281959998_10150850353454999,"Henrik Stenson outdueled Phil Mickelson to win the British Open, becoming the first Swedish man to win a golf major.",Henrik Stenson Beats Phil Mickelson in British Open Duel,link,http://nyti.ms/2a8kOnr,2016-07-17 12:45:38,152,14,35,138,5,7,1,1,0
142,5281959998_10150850343779999,"Half of white Americans today say that discrimination against whites is as big a problem as discrimination against black Americans, Nicholas Kristof writes in The New York Times Opinion Section.",A History of White Delusion,link,http://nyti.ms/2a8jvVF,2016-07-17 12:30:11,5915,422,1909,4854,58,283,64,515,141
143,5281959998_10150850298674999,"DeRay Mckesson, a Black Lives Matter leader who was arrested at a demonstration this month, called for peace after the shooting in Baton Rouge: ""The movement began as a call to end violence. That call remains.""",Black Lives Matter Leader Calls for End to Violence,link,http://www.nytimes.com/live/police-shooting-in-baton-rouge/black-lives-matter-leader-calls-for-peace/?smid=fb-nytimes&smtyp=cur,2016-07-17 11:40:05,8565,358,1807,7816,452,5,6,265,21
144,5281959998_10150850297569999,"3 police officers are dead and 7 are injured after a shooting in Baton Rouge, Louisiana. We're live with Ian Fisher, the weekend editor at The Times, who'll explain what we know. Leave your questions and comments.",,video,https://www.facebook.com/nytimes/videos/10150850297569999/,2016-07-17 11:30:20,6054,2213,2111,2565,197,138,27,2261,866
145,5281959998_10150850227674999,Hillary Clinton's plan would allow most Americans to attend public universities at no cost. But colleges could simply raise tuition at taxpayers' expense.,Some Predict Tuition Increases Under Hillary Clinton's College Plan,link,http://nyti.ms/2a38TUT,2016-07-17 11:00:16,618,332,128,458,5,23,19,8,105
146,5281959998_10150850245959999,Update: The Baton Rouge gunman was a Marine who served in Iraq. The authorities identified him as Gavin Long.,Baton Rouge Shooting Leaves 3 Officers Dead and 3 Wounded,link,http://nyti.ms/2a3fxdG,2016-07-17 10:11:11,5168,2212,8278,1466,20,123,41,2147,1371
147,5281959998_10150849096939999,"Short answer: No, and we're deluding ourselves by thinking we're fine on less sleep.",Ask Well: Can You Train Yourself to Need Less Sleep?,link,http://nyti.ms/200jZvK,2016-07-17 09:55:00,388,37,90,376,5,0,2,5,0
148,5281959998_10150850220259999,The party is divided and deeply imperiled by Donald J. Trump's racially divisive campaign.,Donald Trump Forces G.O.P. to Choose Between Insularity and Outreach,link,http://nyti.ms/2a387Ho,2016-07-17 09:25:00,628,193,110,481,8,15,61,16,47
149,5281959998_10150849093894999,Do you use a scoop? Try a scale.,3 Steps to Brewing a Better Cup of Coffee,link,http://nyti.ms/1VCmaUf,2016-07-17 08:55:00,630,84,249,602,25,2,1,0,0
150,5281959998_10150849804564999,"When Gabrielle Douglas was 16, her life was all about gymnastics. At 20, it's more complicated.",Gabby Douglas Seeks to Rebound From Her Olympic Stardom,link,http://nyti.ms/29LxITq,2016-07-17 07:55:01,936,50,89,890,27,12,0,5,2
151,5281959998_10150848175189999,"Cake for breakfast, anyone? (via The New York Times Food)",St. Louis Gooey Butter Cake Recipe,link,http://cooking.nytimes.com/recipes/1014032-st-louis-gooey-butter-cake?smid=fb-nytimes&smtyp=cur,2016-07-17 06:55:00,1286,134,723,1200,72,6,4,2,2
152,5281959998_10150849786964999,"Donald J. Trump strengthened his TV skills on ""The Apprentice."" But the show also previewed darker aspects of his presidential campaign.","Donald Trump the Political Showman, Born on 'The Apprentice'",link,http://nyti.ms/29L3ZzF,2016-07-17 05:55:00,342,125,64,266,0,6,29,18,23
153,5281959998_10150849416344999,"Scientists have a mathematical explanation, and it could help you recover.",Why Jet Lag Can Feel Worse When You Travel West to East,link,http://www.nytimes.com/2016/07/16/science/jet-lag-east-west.html?smid=fb-nytimes&smtyp=cur,2016-07-17 04:55:00,2320,375,1211,2222,20,66,6,6,0
154,5281959998_10150849868239999,"They wonder how a lone driver could so easily flout elementary traffic rules, then race unimpeded through throngs of people.",France Agonizes Over Whether Truck Rampage Could Have Been Stopped,link,http://nyti.ms/29DbWWk,2016-07-17 02:55:00,328,91,37,248,0,4,0,63,13
155,5281959998_10150849848504999,"He's based in Cairo, and he's Irish. So we asked him to explain the U.S. election to international readers.

Do you live outside the U.S.? What would you like to know about the U.S. political campaigns?","Abroad in America, Deciphering the 2016 Presidential Race",link,http://nyti.ms/2aj489i,2016-07-17 00:55:00,307,64,39,294,0,2,6,5,0
156,5281959998_10150849806439999,"The devastating attack in France was used by Europe's anti-immigrant, anti-Muslim movements as fodder for their arguments.",Attack in France Fuels Anti-Immigrant Parties on Europe's Right,link,http://nyti.ms/29L8xWz,2016-07-16 23:25:00,799,172,108,488,11,8,1,188,103
157,5281959998_10150849064704999,"Just a few years ago, only a few doctors turned to fecal transplants, typically as a last resort. But the procedure's success has overwhelmed any squeamishness that physicians might have felt.","Fecal Transplants Can Be Life-Saving, but How?",link,http://nyti.ms/2a4e7CU,2016-07-16 22:25:00,1664,227,656,1506,32,114,10,2,0
158,5281959998_10150849857949999,"Since his election as governor, in 2012, Mike Pence has signed anti-abortion measures every year he has been in office.",How Mike Pence Became a Conservative Hero: Unwavering Opposition to Abortion,link,http://nyti.ms/2aj5Ya3,2016-07-16 21:25:00,1147,207,133,430,19,18,5,72,603
159,5281959998_10150849995259999,"6 shows to keep you company while you're being (or attempting to be) productive, and more recommendations for your weekend. (via NYT Watching)",What You Should Watch This Weekend: 'Mustang' and Good Background Shows,link,http://nyti.ms/29Z0guW,2016-07-16 21:10:00,224,20,24,216,8,0,0,0,0
160,5281959998_10150849979514999,Breaking News: Antidoping officials are preparing the extraordinary step of requesting that the entire Russian delegation be barred from the Summer Olympics over allegations of a state-sponsored doping program.,Antidoping Officials Are Expected to Ask That Russia Be Barred From Rio Olympics,link,http://www.nytimes.com/2016/07/17/sports/olympics/russia-doping-summer-games-rio.html?smid=fb-nytimes&smtyp=cur,2016-07-16 20:04:54,2337,157,483,1666,40,464,139,12,16
161,5281959998_10150849974959999,"Fethullah Gulen gave a rare interview on Saturday at his Pennsylvania compound in which he denied involvement in the coup attempt in Turkey, but compared President Recep Tayyip Erdoğan's administration to that of the Nazi SS.",An Exiled Cleric Denies Playing a Leading Role in Coup Attempt,link,http://www.nytimes.com/2016/07/17/us/fethullah-gulen-turkey-coup-attempt.html?smid=fb-nytimes&smtyp=cur,2016-07-16 19:55:29,504,115,170,456,12,9,18,1,8
162,5281959998_10150849964369999,It was the first and last fireworks show in this seaside city that 4½-year-old Yanis Coviaux ever saw. He died in the carnage Thursday night.,Terror Through the Eyes of Innocents: The Children in Nice,link,http://www.nytimes.com/2016/07/17/world/europe/terror-through-the-eyes-of-innocents-the-children-in-nice.html?smid=fb-nytimes&smtyp=cur,2016-07-16 19:25:24,4012,122,340,991,19,3,0,2712,287
163,5281959998_10150849877124999,"How the coup attempt in Turkey unfolded, in photos.",The Arc of a Coup Attempt in Turkey,link,http://www.nytimes.com/interactive/2016/07/16/world/europe/turkey-coup-photos.html?src=twr,2016-07-16 18:25:00,331,60,85,275,3,22,0,24,7
164,5281959998_10150848170154999,"Hot nights, cold dinners. (via The New York Times Food)",Tandoori-Style Chicken Recipe,link,http://cooking.nytimes.com/recipes/9449-tandoori-style-chicken?smid=fb-nytimes&smtyp=cur,2016-07-16 17:25:00,366,27,139,350,14,2,0,0,0
165,5281959998_10150849630594999,They're not looking for sympathy laughs. Their comedy is not an autism awareness campaign. They just want people to laugh because they're funny.,Asperger's Are Us Comedy Troupe Jokes About Everything but That,link,http://nyti.ms/29L39NR,2016-07-16 16:55:00,398,20,93,377,17,0,4,0,0
166,5281959998_10150849880534999,"In case you need a break from the news tonight: Emily King, a singer/songwriter who has opened and performed with Alicia Keys, Erykah Badu and John Legend, performed a mini-concert for The New York Times Styles.",The New York Times Styles,video,https://www.facebook.com/nytimesstyles/videos/1190998394273031/,2016-07-16 16:39:47,519,40,0,455,62,2,0,0,0
167,5281959998_10150849864199999,Thousands of soldiers and officers purged from the military. A helicopter shot down over Ankara. Hundreds of people lying dead on city streets.,"As Turkey Coup Unfolded, 'the Whole Night Felt Like Doomsday'",link,http://nyti.ms/29Rc7vR,2016-07-16 16:25:00,564,70,116,350,6,36,2,161,9
168,5281959998_10150849825869999,"""I learned through new historical research that Bristol had in fact served as a main hub of the trans-Atlantic slave trade. This gave me great pause. Had I done my daughter a dreadful disservice? ""

Read more from The New York Times Opinion Section.",I Named My Mixed-Race Daughter for a Slave-Trading Town,link,http://nyti.ms/29R6yNU,2016-07-16 15:55:01,307,89,48,265,4,19,9,10,0
169,5281959998_10150849766459999,"When Donald J. Trump's private plane was grounded in Indiana, Mike Pence seized the opportunity.",A Grounded Plane and Anti-Clinton Passion: How Mike Pence Swayed the Trumps,link,http://nyti.ms/2a6riTL,2016-07-16 15:25:00,311,120,35,230,11,4,42,3,21
170,5281959998_10150849823299999,"""All Lives Matter"" hasn't brought people together. The phrase has created backlash and, quite possibly, arguments on your Facebook feed.",Why 'All Lives Matter' Is Such a Perilous Phrase,link,http://nyti.ms/29YuGh8,2016-07-16 14:56:11,2326,528,481,2181,73,7,37,11,17
171,5281959998_10150849798299999,"Turkey woke up to the aftermath of a coup attempt that left more than 250 people dead.

Read the full story: http://nyti.ms/29L4iX7",Turkey: Aftermath of Coup,video,https://www.facebook.com/nytimes/videos/10150849798299999/,2016-07-16 14:40:00,4498,181,998,2389,19,286,8,1705,91
172,5281959998_10150849791479999,"""The United States and Mexico are colluding to send people … back to the gangs that want to kill them."" 

Read more from Nicholas Kristof in The New York Times Opinion Section.",We're Helping Deport Kids to Die,link,http://nyti.ms/29R0kO6,2016-07-16 14:25:00,2367,150,862,1038,5,30,4,755,535
173,5281959998_10150849779384999,"She was strangled by her brother in what appears to have been an ""honor killing,"" officials said.",Pakistani Social Media Celebrity Dead in Honor Killing,link,http://nyti.ms/29QZCAi,2016-07-16 13:55:00,5354,753,948,1520,21,99,12,1621,2081
174,5281959998_10150849751319999,"It's hard to find a project Donald J. Trump touched that did not produce allegations of bad faith, broken promises, blatant lies or outright fraud.",Donald Trump's Deals Rely on Being Creative With the Truth,link,http://nyti.ms/29CRHI4,2016-07-16 13:25:00,4184,465,1847,3330,18,157,87,60,532
175,5281959998_10150849081754999,Meet the first American athlete born in the 2000s to qualify for an Olympics.,Ping-Pong? Child's Game. Table Tennis? That's a 16-Year-Old's Ticket to Rio.,link,http://nyti.ms/2a4i36k,2016-07-16 12:54:53,717,42,67,676,17,21,2,0,1
176,5281959998_10150849747369999,"Philando Castile was pulled over by the police at least 49 times before his final, fatal stop. His mother believes it was due to ""driving while black.""","Before Philando Castile's Fatal Encounter, a Costly Trail of Minor Traffic Stops",link,http://nyti.ms/29QSjJ6,2016-07-16 12:25:16,994,157,111,506,5,13,3,286,181
177,5281959998_10150849697569999,"Paying with cash is painful — and that's a good thing, according to new research.",Paying With Cash Hurts. That's Also Why It Feels So Good.,link,http://nyti.ms/29QLaIU,2016-07-16 11:55:00,786,62,154,767,10,6,3,0,0
178,5281959998_10150849716419999,"Donald J. Trump on Gov. Mike Pence: ""I found the leader that will help us deliver a safe society and a prosperous society, a really prosperous society, for all Americans.""",Mike Pence Joins Donald Trump in the Spotlight,link,http://nyti.ms/29L1Uzt,2016-07-16 11:33:05,971,445,121,564,35,13,231,11,117
179,5281959998_10150849709684999,"After an attempted coup in Turkey on Friday, we were live in Istanbul at Taksim Square, where many protests supporting President Erdogan were held.",,video,https://www.facebook.com/nytimes/videos/10150849709684999/,2016-07-16 11:27:29,8635,3022,1158,6636,1086,201,109,235,368
180,5281959998_10150849693374999,"""This is cruelty. Shame on people who did this to our beautiful country.""",Watch: The Morning After Turkey's Failed Coup,link,http://nyti.ms/29KIvTa,2016-07-16 10:54:42,488,88,115,346,1,11,3,121,6
181,5281959998_10150849680324999,Our top 10 comments of the week.,'We Are a World Awash in Weapons and Grievances',link,http://nyti.ms/29KJsqQ,2016-07-16 10:25:07,333,33,46,292,7,0,0,33,1
182,5281959998_10150849672539999,"Donald J. Trump, on choosing Mike Pence as his running-mate: ""One of the reasons I did this was party unity, to be honest.""",Donald Trump and Mike Pence: Highlights,link,http://nyti.ms/29CE0J8,2016-07-16 10:08:02,278,150,26,165,4,4,77,2,26
183,5281959998_10150849651019999,"A quiz? For an entry-level job at a bookstore? Yep.

Let us know how you do in the comments.","Want to Work in 18 Miles of Books? First, Take This Quiz.",link,http://nyti.ms/29CAcrp,2016-07-16 09:55:00,1597,430,1004,1504,63,8,20,2,0
184,5281959998_10150849615274999,The Islamic State claimed responsibility for the attack in Nice.,How Many People Have Been Killed in ISIS Attacks Around the World,link,http://nyti.ms/29KZ1xk,2016-07-16 09:25:00,1894,474,895,907,8,24,3,519,433
185,5281959998_10150849638164999,"By Saturday morning, the coup appeared to be unraveling. Here's a look at what we know and don't know about the coup in Turkey.",Tumult in Turkey: What We Know and Don't Know,link,http://nyti.ms/2aimy9Y,2016-07-16 08:51:35,588,79,199,494,6,25,1,56,6
186,5281959998_10150849098564999,"Despite the food industry's best efforts to promote this claim, rigorous scientific studies have found no evidence that it's true.",Does Skipping Breakfast Cause Weight Gain?,link,http://nyti.ms/29Z9oPW,2016-07-16 08:25:00,482,55,133,460,8,9,4,1,0
187,5281959998_10150849570514999,"The Nice attack opened a frightening new landscape of terrorism in Western Europe and the U.S., where trucks are ubiquitous.","In Truck Attack in Nice, Mainstay of Commerce Reinvented as Tool of Death",link,http://www.nytimes.com/2016/07/16/world/europe/truck-attack-nice-france.html?smid=fb-nytimes&smtyp=cur,2016-07-16 07:25:01,235,92,39,176,1,2,1,42,13
188,5281959998_10150848169469999,Perfect your technique with help from The New York Times Food.,How to Make Eggs,link,http://cooking.nytimes.com/guides/18-how-to-make-eggs?smid=fb-nytimes&smtyp=cur,2016-07-16 06:55:00,594,107,308,562,24,7,1,0,0
189,5281959998_10150849572024999,"Prime Minister Binali Yildirim called the insurrection ""a stain in the history of democracy."" He raised the death toll in the clashes to 265, and he said that 2,839 military personnel had been detained.",Turkey Detains Thousands of Military Personnel in Bid to Regain Control,link,http://www.nytimes.com/2016/07/17/world/europe/turkey-attempted-coup-erdogan.html?smid=fb-nytimes&smtyp=cur,2016-07-16 06:25:01,1216,186,523,818,16,114,9,228,31
190,5281959998_10150849560929999,"""We knew immediately that it was not an accident. We knew that it was someone out to kill.""

Witnesses tell what it was like when they realized they were under attack in Nice.",'There's Something That's Not Right. Someone Lost Control of Their Truck.',link,http://www.nytimes.com/interactive/2016/07/15/world/europe/16survivors.html?smid=fb-nytimes&smtyp=cur,2016-07-16 05:55:00,391,27,45,239,3,5,0,123,21
191,5281959998_10150849561274999,"Breaking News: ISIS has said it inspired the attacker in Nice, France. But officials said he had shown no overt signs of radicalization.","ISIS Claims Responsibility for Attack in Nice, France",link,http://www.nytimes.com/2016/07/17/world/europe/isis-nice-france-attack.html?smid=fb-nytimes&smtyp=cur,2016-07-16 05:16:06,898,275,157,468,3,11,7,212,197
192,5281959998_10150849398084999,"Many say Mike Pence, Donald J. Trump's VP pick, is out of sync with the times. That's fine by him.",Mike Pence: A Conservative Proud to Be a Throwback,link,http://www.nytimes.com/2016/07/16/us/politics/mike-pence-history.html?smid=fb-nytimes&smtyp=cur,2016-07-16 04:55:00,389,195,53,246,4,9,62,12,56
193,5281959998_10150849415679999,"The president of Turkey blamed the coup attempt on the work of followers of Fethullah Gulen, an Islamic preacher who lives in exile in Pennsylvania. Here's a look back at our 2012 profile of Gulen.","Turkey Feels Sway of Fethullah Gulen, a Reclusive Cleric",link,http://www.nytimes.com/2012/04/25/world/middleeast/turkey-feels-sway-of-fethullah-gulen-a-reclusive-cleric.html?smid=fb-nytimes&smtyp=cur,2016-07-16 03:55:00,326,56,91,291,9,11,2,8,5
194,5281959998_10150848026329999,Why stick to chocolate or plain vanilla ice cream?,The 'Intentional Summer' Challenge: Try an Unusual Ice Cream Flavor,link,http://nyti.ms/29GqvVZ,2016-07-16 01:55:00,225,31,35,219,6,0,0,0,0
195,5281959998_10150848709944999,There are good and bad ways for handling big events where both security threats and peaceful demonstrations are in play. Read more in The New York Times Opinion Section.,How to Prevent Violence in Cleveland,link,http://nyti.ms/29Nw86A,2016-07-16 00:55:00,110,46,21,107,1,0,0,2,0
196,5281959998_10150849407284999,"Victims of the terror attack on Bastille Day were honored on Friday in Nice, Paris, Rome, New York and Moscow.",,video,https://www.facebook.com/nytimes/videos/10150849407284999/,2016-07-15 23:55:00,2494,61,226,1667,133,2,2,682,8
197,5281959998_10150849442044999,"Within hours of the attack in France, Donald J. Trump pledged to seek a rare declaration of war from Congress against Islamic terrorists and called for ""extreme vetting"" of immigrants.",Trump Wants War Declared on ISIS and 'Extreme Vetting' of Immigrants,link,http://www.nytimes.com/2016/07/16/us/politics/france-trump-war-declaration-isis.html?smid=fb-nytimes&smtyp=cur,2016-07-15 23:25:30,2023,767,275,1088,48,52,187,48,600
198,5281959998_10150849412104999,"More than 130 people were arrested in connection with the attempted coup in Turkey and 42 people, mostly civilians, were killed in clashes.","More Than 130 Arrested, and Death Toll Rises to 42",link,http://www.nytimes.com/live/turkey-coup-erdogan/more-than-130-arrested/?smid=fb-nytimes&smtyp=cur,2016-07-15 22:59:10,1110,103,373,692,7,75,1,317,18
199,5281959998_10150849402799999,"Before Friday's events, the U.S. took solace in the fact that there was one reliable strongman that it could depend on: President Recep Tayyip Erdoğan of Turkey.",U.S. Finds Itself on Shakier Ground as Erdogan Confronts Mutiny,link,http://www.nytimes.com/2016/07/16/world/europe/erdogan-turkey-coup-us-fear.html?smid=fb-nytimes&smtyp=cur,2016-07-15 22:26:27,285,83,55,245,4,11,15,7,3
200,5281959998_10150849385939999,"How we react to terror has become a measure of who we are, as individuals and as a society. (via The New York Times Opinion Section)",Our Best Defense Against Terrorists,link,http://www.nytimes.com/2016/07/16/opinion/our-best-defense-against-terrorists.html?smid=fb-nytimes&smtyp=cur,2016-07-15 21:59:00,421,58,101,398,11,1,6,2,3
201,5281959998_10150849372304999,"He was known to his neighbors only as a moody and aggressive oddball. He never went to the local mosque, often grunted in response to greetings of ""bonjour"" and sometimes beat his wife — until she threw him out.",A Surly Misfit With No Terror Links Turned a Truck Into a Tank,link,http://www.nytimes.com/2016/07/16/world/europe/a-surly-misfit-with-no-terror-links-turned-a-truck-into-a-tank.html?smid=fb-nytimes&smtyp=cur,2016-07-15 21:35:00,1567,235,530,879,13,13,2,430,230
202,5281959998_10150849359379999,"""It's death by humiliation.""",Chris Christie Lost Out on the Job He Wanted. And His Bad Year Got Worse.,link,http://www.nytimes.com/2016/07/16/nyregion/chris-christie-lost-out-on-the-job-he-wanted-and-his-bad-year-got-worse.html?smid=fb-nytimes&smtyp=cur,2016-07-15 21:05:00,9717,1168,1434,6721,114,123,2700,51,8
203,5281959998_10150849354274999,"After CNN TÜRK reported that 12 people were killed by a bomb at the Turkish Parliament, the network said that ""group of soldiers"" had entered the studio and cut off its ability to broadcast.","Bomb at Parliament Kills 12, CNN Turk Reports",link,http://www.nytimes.com/live/turkey-coup-erdogan/bomb-at-parliament-leaves-12-dead?smid=fb-nytimes&smtyp=cur,2016-07-15 20:42:26,1045,71,402,516,5,204,4,283,33
204,5281959998_10150849335314999,"Breaking News: President Recep Tayyip Erdoğan of Turkey has returned to Istanbul, signaling that the military coup against his government is faltering. 

Read more: http://nyti.ms/29Wk1n8",,status,,2016-07-15 20:03:26,1017,127,201,888,38,55,3,19,14
205,5281959998_10150849320944999,"As military forces in Turkey occupied Istanbul's Taksim Square, President Recep Tayyip Erdoğan urged citizens to take to the streets.",,video,https://www.facebook.com/nytimes/videos/10150849320944999/,2016-07-15 19:56:00,1537,147,478,1123,14,212,7,107,74
206,5281959998_10150849314264999,It is far from clear in the early hours of Saturday morning how the attempted coup in Turkey will turn out.,No Clear Sign of Who Is in Charge in Turkey,link,http://www.nytimes.com/live/turkey-coup-erdogan/no-clear-signs-of-who-is-in-charge-in-turkey/?smid=fb-nytimes&smtyp=cur,2016-07-15 19:31:00,863,94,374,624,5,91,8,120,15
207,5281959998_10150849283554999,"President Recep Tayyip Erdoğan, speaking to CNN Turkey via Facetime on Friday, urged the public to resist the coup. 

""There is no power higher than the power of the people,"" he said in a night of wild confusion and contradictory accounts of who was in control.

Photo: Burak Kara/Getty Images",Timeline Photos,photo,https://www.facebook.com/nytimes/photos/a.283559809998.33779.5281959998/10150849283554999/?type=3,2016-07-15 19:05:00,361,72,65,274,5,29,31,9,13
208,5281959998_10150849294624999,What we know so far about the attempted coup in Turkey.,Tumult in Turkey: What We Know and What We Don't Know,link,http://www.nytimes.com/2016/07/16/world/europe/tumult-in-turkey-what-we-know-and-what-we-dont-know.html?smid=fb-nytimes&smtyp=cur,2016-07-15 18:35:08,1035,70,586,812,6,98,3,107,9
209,5281959998_10150849280834999,Recep Tayyip Erdoğan blamed the coup attempt on Fethullah Gulen and his followers. Gulen lives in exile in Pennsylvania.,"Who Is Fethullah Gulen, and What Is His Role?",link,http://nyti.ms/2ah0n46,2016-07-15 18:07:50,520,103,346,457,4,26,3,4,26
210,5281959998_10150849269229999,The attacker in Nice remade an everyday vehicle into an object of menace and fear.,"Attack in Nice, France, Represents Terrorism's New Reality",link,http://nyti.ms/29CHMPk,2016-07-15 17:46:48,211,36,33,140,0,1,0,55,15
211,5281959998_10150849221044999,"A look a Erdogan's controversial rule in Turkey, published just days ago. 

""The ship is going very fast toward the rocks,"" said Ergun Ozbudun, a liberal constitutional expert who once defended Recep Tayyip Erdoğan. ""Pray for us.""",Turkish Leader Erdogan Making New Enemies and Frustrating Old Friends,link,http://nyti.ms/29n44Xl,2016-07-15 17:20:00,848,122,330,728,6,36,14,55,9
212,5281959998_10150849204304999,A coup attempt is underway in Turkey. Follow our live blog for the latest updates.,Live Updates: Attempted Coup in Turkey,link,http://www.nytimes.com/live/turkey-coup-erdogan/?smid=fb-nytimes&smtyp=cur,2016-07-15 16:58:00,937,80,478,660,8,172,5,84,8
213,5281959998_10150849193264999,"The Turkish military moved to stop traffic over 2 of Istanbul's bridges on Friday night. More photos: http://nyti.ms/29PeAHg

Photo: Gokhan Tan/Getty Images",Timeline Photos,photo,https://www.facebook.com/nytimes/photos/a.283559809998.33779.5281959998/10150849193264999/?type=3,2016-07-15 16:40:56,668,52,171,491,5,96,2,71,3
214,5281959998_10150849160644999,It has been a rough year.,What Is a Constant Cycle of Violent News Doing to Us?,link,http://nyti.ms/29CDMOs,2016-07-15 16:25:00,1816,141,1033,1478,4,15,4,311,4
215,5281959998_10150849157939999,"""I want to tell my fellow countrymen that we will win this war,"" Prime Minister Manuel Valls of France said, ""but that we might be faced with new retaliations, that there will probably be more innocent victims.""",Prime Minister Says France Is at 'War',link,http://nyti.ms/2a4yP5y,2016-07-15 15:55:31,506,90,115,349,2,20,1,124,10
216,5281959998_10150849144909999,"Update: President Recep Tayyip Erdoğan of Turkey has returned to Istanbul, signaling that the military coup against his government is faltering.",Turkish President Returns to Istanbul in Sign Military Coup Is Faltering,link,http://nyti.ms/29CApal,2016-07-15 15:26:38,4050,571,4092,2760,49,834,29,316,62
217,5281959998_10150849122569999,The attack in Nice left a crime scene on the promenade more than a mile long. Here's how the attack unfolded. http://nyti.ms/29He4Yc,How the Attack in Nice Unfolded,video,https://www.facebook.com/nytimes/videos/10150849122569999/,2016-07-15 15:25:00,1153,65,226,420,4,10,2,575,142
218,5281959998_10150849100814999,"""The basic element of this story is this: They stole from my family, and then they gave it back to the guy who stole it from them. How does that work?""",Nazi Art Loot Returned ... to Nazis,link,http://nyti.ms/29JH3LL,2016-07-15 14:56:25,329,26,90,177,1,28,2,13,108
219,5281959998_10150849062234999,"A young boy was comforted at a makeshift shrine by the Promenade des Anglais in Nice, France.

More scenes from Nice on Friday: http://nyti.ms/29IfDoz

Photo: Andrew Testa for The New York Times",Timeline Photos,photo,https://www.facebook.com/nytimes/photos/a.283559809998.33779.5281959998/10150849062234999/?type=3,2016-07-15 14:25:00,242,38,23,149,7,1,0,84,1
220,5281959998_10150849055254999,"""If, as was often said about black pioneers in sports, you had to be twice as good to succeed, Barack Obama's personal behavior has set a standard few presidents have ever reached."" 

Read on in The New York Times Opinion Section.","With Obama, the Personal Is Presidential",link,http://nyti.ms/29UCO3d,2016-07-15 13:55:00,65215,1874,13238,56971,7911,155,88,20,70
221,5281959998_10150849069219999,Breaking News: Congress released 28 classified pages of its 9/11 inquiry that discuss possible ties between Saudi officials and the hijackers.,Congress Releases Secret 9/11 Document Detailing Possible Saudi Ties to Al Qaeda,link,http://nyti.ms/29WPA2S,2016-07-15 13:34:06,1588,505,1493,1254,15,134,16,14,155
222,5281959998_10150849056689999,"On immigration: After Donald J. Trump called for a ban on Muslim migration to the U.S., Gov. Mike Pence said on Twitter that the proposal was ""offensive and unconstitutional.""",Where Mike Pence and Donald Trump Align and Differ on Big Issues,link,http://nyti.ms/29HKNwn,2016-07-15 13:25:00,79,36,26,64,0,0,12,0,3
223,5281959998_10150849048024999,Tom Brady has made it official: He will sit out the New England Patriots' first four games next season.,'Deflategate' Is Over: Tom Brady Ends Appeals Process,link,http://nyti.ms/29UGyl9,2016-07-15 12:50:37,494,87,63,377,7,4,71,15,20
224,5281959998_10150849034829999,"Over 80 people were killed and over 200 were injured yesterday after a truck mowed down a crowd celebrating Bastille Day in Nice, France. We're here with a grief counselor and a psychotherapist to talk about how to cope with such tragic news events, and how to discuss them with your children. Leave your questions for these therapists in the comments.",,video,https://www.facebook.com/nytimes/videos/10150849034829999/,2016-07-15 12:30:25,2328,719,508,1585,137,16,3,540,47
225,5281959998_10150849033254999,The case raises the prospect that Zika could spread more widely beyond the countries where it is already endemic.,First Case of Female-to-Male Transmission of Zika Is Recorded,link,http://nyti.ms/29WCZN0,2016-07-15 12:27:23,205,35,138,138,1,44,0,21,1
226,5281959998_10150848943039999,"Kathleen Durst's family is asking a Manhattan court to finally ""declare that Kathie died on Jan. 31, 1982, when she was murdered by her husband, Robert Durst.""",Family of Robert Durst's First Wife Asks Court to Declare Her Dead,link,http://nyti.ms/29Wb8MW,2016-07-15 11:55:00,191,53,24,160,5,1,0,24,1
227,5281959998_10150848990119999,"Friday in Nice, near the scene of the terrorist attack.

Photo: Dmitry Kostyukov for The New York Times","Instagram photo by The New York Times • Jul 15, 2016 at 4:09pm UTC",link,https://www.instagram.com/p/BH42d8rgcjR/?taken-by=nytimes,2016-07-15 11:40:00,5519,57,370,3563,158,6,2,1764,26
228,5281959998_10150848981369999,"""Everyone was opening their doors so that people could get off the streets.""",An Attack on a City 'Where Everyone Knows Everybody',link,http://nyti.ms/2afZkRO,2016-07-15 11:25:00,227,9,25,152,5,1,1,66,2
229,5281959998_10150848980779999,"Art has the power to bring us together. Yuko Shimizu is drawing the faces of Facebook, but she needs your help. Tell us about yourself and see your faces emerge. Antonio de Luca, a Times art director, will be your guide.",,video,https://www.facebook.com/nytimes/videos/10150848980779999/,2016-07-15 11:06:07,6033,4113,853,4585,1073,232,74,23,46
230,5281959998_10150848957819999,Donald J. Trump announced Gov. Mike Pence of Indiana as his vice presidential running mate. Pence is a traditional conservative who boasts strong credentials with the Christian right. http://nyti.ms/29VutuL,Trump Chooses Mike Pence as Running Mate,video,https://www.facebook.com/nytimes/videos/10150848957819999/,2016-07-15 10:48:07,933,355,177,487,14,20,146,24,242
231,5281959998_10150848925319999,Marathon expenses can add up fast.,"The $1,600 Marathon",link,http://nyti.ms/29JFDmY,2016-07-15 10:40:00,290,91,82,271,7,4,7,0,1
232,5281959998_10150848953569999,"Mike Pence is a staunch conservative who opposes amnesty for immigrants, same-sex marriage and gun control.","Mike Pence on the Issues: Immigration, Foreign Policy, Guns, the Economy",link,http://nyti.ms/29HKNwn,2016-07-15 10:25:06,1035,368,355,482,34,24,27,102,366
233,5281959998_10150848933799999,Breaking News: Donald J. Trump has formally named Gov. Mike Pence of Indiana as his running mate.,"Donald Trump Selects Mike Pence, Indiana Governor, as Running Mate",link,http://nyti.ms/29VutuL,2016-07-15 09:58:15,919,371,267,455,12,12,251,15,174
234,5281959998_10150848903689999,"""Everyone was opening their doors so that people could get off the streets,"" said one witness in Nice.",An Attack on a City 'Where Everyone Knows Everybody',link,http://nyti.ms/29MXCKe,2016-07-15 09:55:00,493,24,47,309,20,2,0,160,2
235,5281959998_10150848897274999,"""We should frankly test every person here who is of a Muslim background, and if they believe in sharia, they should be deported,"" Newt Gingrich said.",Newt Gingrich Echoes Donald Trump With Remarks on Muslims and Terrorism,link,http://nyti.ms/29OdGef,2016-07-15 09:25:00,2544,1254,648,1160,75,145,72,65,1027
236,5281959998_10150848811129999,"For years after Kennedy's assassination, Dallas was labeled the ""city of hate."" Today, it is responding to new horror very differently.","Dallas, in Long Shadow of Kennedy Killing, Weathers New Tragedy",link,http://nyti.ms/29HdlGd,2016-07-15 08:55:01,213,14,51,180,10,1,0,22,0
237,5281959998_10150848866699999,"Hillary Clinton is leading Donald J. Trump in Colorado, Virginia, North Carolina and Florida, according to a new set of polls.","Hillary Clinton Retains Edge in 4 Crucial States, New Polls Show",link,http://nyti.ms/29O6xdN,2016-07-15 08:25:00,3174,291,157,2800,294,11,19,4,46
238,5281959998_10150848851104999,The mini-replica of the original NES console will come preloaded with 30 of Nintendo's most recognizable games.,"Nintendo to Re-Release NES Games, No Blowing Necessary",link,http://nyti.ms/29O2dey,2016-07-15 07:55:00,2836,316,749,2493,255,61,27,0,0
239,5281959998_10150848823274999,"""The horror, the horror has, once again, hit France,"" François Hollande told the nation.","Death Toll From Terrorist Attack in Nice, France, Rises to 84",link,http://nyti.ms/29He4Yc,2016-07-15 07:25:01,1349,86,317,425,2,7,0,774,141
240,5281959998_10150848802529999,"A person ""with extraordinary courage"" jumped onto the front of the truck to try to stop it, said a witness of the attack in Nice.",How the Truck Was Stopped,link,http://nyti.ms/29HaflG,2016-07-15 06:55:01,5572,92,1137,3857,88,380,5,1220,22
241,5281959998_10150848782929999,"""The only way to believe that Sawyer wasn't broken was if no one was broken – not anyone anywhere ever.""",My Autistic Son's Lesson: No One Is Broken,link,http://nyti.ms/29NNctk,2016-07-15 06:25:00,797,36,338,688,107,2,0,0,0
242,5281959998_10150848747889999,Their excuses include lawn mowing and fly fishing.,You Mean It's Next Week? Why Some G.O.P. Senators Will Skip the Convention,link,http://nyti.ms/29GUScN,2016-07-15 05:55:00,497,51,60,328,10,1,155,2,1
243,5281959998_10150848777824999,Daily Briefing: Here's what you need to know today.,"Nice, Donald Trump, 'Ghostbusters': Your Friday Briefing",link,http://nyti.ms/29NL3gW,2016-07-15 05:32:00,98,19,7,91,3,0,0,4,0
244,5281959998_10150848771179999,A man in India was killed by a mob last year over rumors that he had slaughtered and eaten a cow. The dead man's family could now face charges.,Family of Slain Man in India May Be Charged With Cow Slaughter,link,http://nyti.ms/29NHvLN,2016-07-15 05:02:46,366,129,73,162,2,14,7,68,113
245,5281959998_10150848749264999,A middle-age Muslim woman and an unidentified man were among the first to be killed in the attack in Nice.,"A Trail of Terror in Nice, Block by Block",link,http://nyti.ms/29GX6t0,2016-07-15 04:23:46,1839,206,439,757,6,18,3,843,212
246,5281959998_10150848742469999,"""It's always troubling to see good legislation hijacked to score political points. In this case the timing could not be worse,"" the Editorial Board writes in The New York Times Opinion Section.",Congress Takes a Vacation Without Doing Anything About Zika,link,http://nyti.ms/29GUzyO,2016-07-15 03:58:09,942,108,350,409,2,20,4,70,437
247,5281959998_10150848718469999,"""We should not live in a world like that,"" said a woman from Dallas who was in Nice for a wedding.",'Marked Safe Twice on Facebook in the Last Week',link,http://nyti.ms/29IoFCP,2016-07-15 03:27:56,1196,50,80,646,9,22,0,461,58
248,5281959998_10150848630594999,"Congress limped out of town for a 7-week recess, leaving behind a trail of partisan fights, a failed bill to help fight the Zika virus, a stalemate on gun safety and a few mundane accomplishments.","Congress Recesses, Leaving More Stalemates Than Accomplishments",link,http://nyti.ms/29UR4uq,2016-07-15 02:55:00,858,301,289,269,4,10,9,45,521
249,5281959998_10150848631219999,"""France is tearful. It is afflicted, but it is strong and will always be stronger, I can assure you, than the fanatics that want to strike it today,"" François Hollande said.",Hollande Speaks to Nation After Attacks,link,http://nyti.ms/29UQME3,2016-07-15 02:25:00,1402,150,124,990,63,3,2,331,13
250,5281959998_10150848154244999,"She couldn't understand why her students — ""living in pristine, picturesque Alaska — were so enamored of the invented wilderness superimposed on their screens."" Then she tried Pokémon Go for herself. (via The New York Times Opinion Section)

Have you made any real-world discoveries because of the game?",Pokémon Go See the World in Its Splendor,link,http://www.nytimes.com/2016/07/17/opinion/sunday/pokemon-go-see-the-world-in-its-splendor.html?smid=fb-nytimes&smtyp=cur,2016-07-15 01:55:00,442,26,79,413,17,1,11,0,0
251,5281959998_10150848007389999,"""I remember the first time it occurred to me that I was the only one of all my college friends who did not have, by normal standards, a real job."" — Alexi Pappas, an elite runner, who will represent Greece in the Rio Olympics. http://nyti.ms/29GtYCL",Normal People,video,https://www.facebook.com/nytimes/videos/10150848007389999/,2016-07-15 00:55:00,1470,38,132,1406,49,14,1,0,0
252,5281959998_10150848091119999,Art can provoke. Art can speak truth. What do you feel when you look at this flag?,Does This Flag Make You Flinch?,link,http://nyti.ms/29SXmbe,2016-07-14 23:55:00,611,96,91,505,10,8,1,64,23
253,5281959998_10150848565679999,"An early look at the top of The New York Times for Friday, July 15, 2016.",Timeline Photos,photo,https://www.facebook.com/nytimes/photos/a.283559809998.33779.5281959998/10150848565679999/?type=3,2016-07-14 23:25:00,1161,100,186,477,8,6,4,558,108
254,5281959998_10150848123969999,"There were 20,000 weddings in Delhi on December 7, according to Hindustan Times.","When the Planets Align, Delhi Drowns in a Chorus of 'I Do'",link,http://nyti.ms/29zORQH,2016-07-14 22:53:48,268,16,23,232,7,22,6,1,0
255,5281959998_10150848506794999,"""A truck arrived and smashed into everyone. Into everyone."" http://nyti.ms/29HxBKa","Truck Plows into Crowd in Nice, Killing Dozens",video,https://www.facebook.com/nytimes/videos/10150848506794999/,2016-07-14 22:01:06,2513,137,561,802,7,20,1,1290,393
256,5281959998_10150848494829999,"A red ambulance sped down the road in Nice and jerked to a stop. The driver jumped out, asking, ""Where are the wounded?""

""We only have dead here,"" 2 men replied.","In France, a Vibrant Celebration Gives Way to a Trail of Death",link,http://nyti.ms/29UwzOA,2016-07-14 21:31:36,10628,319,1575,2908,26,73,7,6322,1292
257,5281959998_10150848443789999,Dozens were killed on Thursday night in France after a truck drove into a large crowd. International editor Jeffrey Marcus is here to answer your questions.,,video,https://www.facebook.com/nytimes/videos/10150848443789999/,2016-07-14 21:02:37,3850,1282,609,1402,122,54,12,1733,527
258,5281959998_10150848468369999,"What we know so far about the attack in Nice, France.","Truck Attack in Nice, France: What We Know, and What We Don't",link,http://www.nytimes.com/2016/07/15/world/europe/nice-france-truck-attack-what-we-know.html?smid=fb-nytimes&smtyp=cur,2016-07-14 20:57:30,2179,191,804,950,4,16,4,971,234
259,5281959998_10150848375439999,"A witness said the truck ""crushed everyone in its path.""","What Happened in the Truck Attack in Nice, France",link,http://nyti.ms/29UiEYZ,2016-07-14 20:25:00,2078,148,520,669,7,15,2,1094,291
260,5281959998_10150848400559999,"The death toll climbs in Nice, France. Follow our live blog for latest updates.",Live Updates: More Than 70 Killed in Nice Attack,link,http://nyti.ms/29UdZpX,2016-07-14 19:58:00,3235,152,979,812,4,29,3,1959,428
261,5281959998_10150848135209999,"The Cosmopolitan founder's influence is visible in everything from ""Mad Men"" to ""Girls."" 2 new books assess her legacy.",Was She a Feminist? The Complicated Legacy of Helen Gurley Brown.,link,http://nyti.ms/29W2JG7,2016-07-14 19:40:00,62,14,14,58,4,0,0,0,0
262,5281959998_10150848359774999,Donald J. Trump will delay his running-mate announcement because of the France attack. He apparently had settled on Gov. Mike Pence.,Donald Trump Postpones Naming Running Mate,link,http://nyti.ms/29UheO0,2016-07-14 19:25:44,422,466,136,336,28,0,49,2,7
263,5281959998_10150848211144999,"If you watched the season premiere of ""Mr. Robot,"" what did you think?",'Mr. Robot' Season 2 Premiere: The Hack is Back,link,http://nyti.ms/29TYbDt,2016-07-14 19:10:00,302,37,30,277,24,1,0,0,0